"k__Bacteria.p__Acidobacteria.c__Solibacteres.o__Solibacterales.f__Solibacteraceae.g__CandidatusSolibacter","k__Bacteria.p__Actinobacteria.c__Actinobacteria.o__Actinomycetales.f__Actinomycetaceae.g__Actinomyces","k__Bacteria.p__Actinobacteria.c__Actinobacteria.o__Actinomycetales.f__Corynebacteriaceae.g__Corynebacterium","k__Bacteria.p__Actinobacteria.c__Actinobacteria.o__Actinomycetales.f__Dietziaceae.g__Dietzia","k__Bacteria.p__Actinobacteria.c__Actinobacteria.o__Actinomycetales.f__Intrasporangiaceae.g__Phycicoccus","k__Bacteria.p__Actinobacteria.c__Actinobacteria.o__Actinomycetales.f__Microbacteriaceae.g__Microcella","k__Bacteria.p__Actinobacteria.c__Actinobacteria.o__Actinomycetales.f__Micrococcaceae.g__Arthrobacter","k__Bacteria.p__Actinobacteria.c__Actinobacteria.o__Actinomycetales.f__Micrococcaceae.g__Micrococcus","k__Bacteria.p__Actinobacteria.c__Actinobacteria.o__Actinomycetales.f__Micrococcaceae.g__Nesterenkonia","k__Bacteria.p__Actinobacteria.c__Actinobacteria.o__Actinomycetales.f__Micrococcaceae.g__Rothia","k__Bacteria.p__Actinobacteria.c__Actinobacteria.o__Actinomycetales.f__Propionibacteriaceae.g__Propionibacterium","k__Bacteria.p__Actinobacteria.c__Actinobacteria.o__Bifidobacteriales.f__Bifidobacteriaceae.g__Alloscardovia","k__Bacteria.p__Actinobacteria.c__Actinobacteria.o__Bifidobacteriales.f__Bifidobacteriaceae.g__Bifidobacterium","k__Bacteria.p__Actinobacteria.c__Actinobacteria.o__Bifidobacteriales.f__Bifidobacteriaceae.g__Scardovia","k__Bacteria.p__Actinobacteria.c__Actinobacteria.o__Coriobacteriales.f__Coriobacteriaceae.g__Adlercreutzia","k__Bacteria.p__Actinobacteria.c__Actinobacteria.o__Coriobacteriales.f__Coriobacteriaceae.g__Atopobium","k__Bacteria.p__Actinobacteria.c__Actinobacteria.o__Coriobacteriales.f__Coriobacteriaceae.g__Collinsella","k__Bacteria.p__Actinobacteria.c__Actinobacteria.o__Coriobacteriales.f__Coriobacteriaceae.g__Eggerthella","k__Bacteria.p__Bacteroidetes.c__Bacteroidia.o__Bacteroidales.f__Bacteroidaceae.g__Bacteroides","k__Bacteria.p__Bacteroidetes.c__Bacteroidia.o__Bacteroidales.f__Porphyromonadaceae.g__Odoribacter","k__Bacteria.p__Bacteroidetes.c__Bacteroidia.o__Bacteroidales.f__Porphyromonadaceae.g__Parabacteroides","k__Bacteria.p__Bacteroidetes.c__Bacteroidia.o__Bacteroidales.f__Porphyromonadaceae.g__Porphyromonas","k__Bacteria.p__Bacteroidetes.c__Bacteroidia.o__Bacteroidales.f__Prevotellaceae.g__Prevotella","k__Bacteria.p__Bacteroidetes.c__Bacteroidia.o__Bacteroidales.f__Rikenellaceae.g__Alistipes","k__Bacteria.p__Bacteroidetes.c__Flavobacteria.o__Flavobacteriales.f__Flavobacteriaceae.g__Chryseobacterium","k__Bacteria.p__Bacteroidetes.c__Flavobacteria.o__Flavobacteriales.f__Flavobacteriaceae.g__Flavobacterium","k__Bacteria.p__Bacteroidetes.c__Sphingobacteria.o__Sphingobacteriales.f__Flexibacteraceae.g__Arcicella","k__Bacteria.p__Bacteroidetes.c__Sphingobacteria.o__Sphingobacteriales.f__Flexibacteraceae.g__Cytophaga","k__Bacteria.p__Bacteroidetes.c__Sphingobacteria.o__Sphingobacteriales.f__Sphingobacteriaceae.g__Pedobacter","k__Bacteria.p__Firmicutes.c__Bacilli.o__Bacillales.f__Staphylococcaceae.g__Staphylococcus","k__Bacteria.p__Firmicutes.c__Bacilli.o__Gemellales.f__Gemellaceae.g__Gemella","k__Bacteria.p__Firmicutes.c__Bacilli.o__Lactobacillales.f__Aerococcaceae.g__Abiotrophia","k__Bacteria.p__Firmicutes.c__Bacilli.o__Lactobacillales.f__Carnobacteriaceae.g__Carnobacterium","k__Bacteria.p__Firmicutes.c__Bacilli.o__Lactobacillales.f__Carnobacteriaceae.g__Granulicatella","k__Bacteria.p__Firmicutes.c__Bacilli.o__Lactobacillales.f__Enterococcaceae.g__Enterococcus","k__Bacteria.p__Firmicutes.c__Bacilli.o__Lactobacillales.f__Lactobacillaceae.g__Lactobacillus","k__Bacteria.p__Firmicutes.c__Bacilli.o__Lactobacillales.f__Streptococcaceae.g__Lactococcus","k__Bacteria.p__Firmicutes.c__Bacilli.o__Lactobacillales.f__Streptococcaceae.g__Streptococcus","k__Bacteria.p__Firmicutes.c__Bacilli.o__Turicibacterales.f__Turicibacteraceae.g__Turicibacter","k__Bacteria.p__Firmicutes.c__Clostridia.o__Clostridiales.f__Clostridiaceae.g__Clostridium","k__Bacteria.p__Firmicutes.c__Clostridia.o__Clostridiales.f__ClostridialesFamilyXI.IncertaeSedis.g__Anaerococcus","k__Bacteria.p__Firmicutes.c__Clostridia.o__Clostridiales.f__ClostridialesFamilyXI.IncertaeSedis.g__Finegoldia","k__Bacteria.p__Firmicutes.c__Clostridia.o__Clostridiales.f__ClostridialesFamilyXI.IncertaeSedis.g__Peptoniphilus","k__Bacteria.p__Firmicutes.c__Clostridia.o__Clostridiales.f__ClostridialesFamilyXIII.IncertaeSedis.g__Eubacterium","k__Bacteria.p__Firmicutes.c__Clostridia.o__Clostridiales.f__ClostridialesFamilyXIII.IncertaeSedis.g__Mogibacterium","k__Bacteria.p__Firmicutes.c__Clostridia.o__Clostridiales.f__Eubacteriaceae.g__Acetobacterium","k__Bacteria.p__Firmicutes.c__Clostridia.o__Clostridiales.f__Lachnospiraceae.g__Anaerostipes","k__Bacteria.p__Firmicutes.c__Clostridia.o__Clostridiales.f__Lachnospiraceae.g__Blautia","k__Bacteria.p__Firmicutes.c__Clostridia.o__Clostridiales.f__Lachnospiraceae.g__Clostridium","k__Bacteria.p__Firmicutes.c__Clostridia.o__Clostridiales.f__Lachnospiraceae.g__Coprococcus","k__Bacteria.p__Firmicutes.c__Clostridia.o__Clostridiales.f__Lachnospiraceae.g__Dorea","k__Bacteria.p__Firmicutes.c__Clostridia.o__Clostridiales.f__Lachnospiraceae.g__Epulopiscium","k__Bacteria.p__Firmicutes.c__Clostridia.o__Clostridiales.f__Lachnospiraceae.g__Eubacterium","k__Bacteria.p__Firmicutes.c__Clostridia.o__Clostridiales.f__Lachnospiraceae.g__Lachnobacterium","k__Bacteria.p__Firmicutes.c__Clostridia.o__Clostridiales.f__Lachnospiraceae.g__Lachnospira","k__Bacteria.p__Firmicutes.c__Clostridia.o__Clostridiales.f__Lachnospiraceae.g__Moryella","k__Bacteria.p__Firmicutes.c__Clostridia.o__Clostridiales.f__Lachnospiraceae.g__Oribacterium","k__Bacteria.p__Firmicutes.c__Clostridia.o__Clostridiales.f__Lachnospiraceae.g__Roseburia","k__Bacteria.p__Firmicutes.c__Clostridia.o__Clostridiales.f__Lachnospiraceae.g__Ruminococcus","k__Bacteria.p__Firmicutes.c__Clostridia.o__Clostridiales.f__Peptococcaceae.g__Peptococcus","k__Bacteria.p__Firmicutes.c__Clostridia.o__Clostridiales.f__Peptostreptococcaceae.g__Peptostreptococcus","k__Bacteria.p__Firmicutes.c__Clostridia.o__Clostridiales.f__Peptostreptococcaceae.g__Tepidibacter","k__Bacteria.p__Firmicutes.c__Clostridia.o__Clostridiales.f__Ruminococcaceae.g__Anaerotruncus","k__Bacteria.p__Firmicutes.c__Clostridia.o__Clostridiales.f__Ruminococcaceae.g__Bacteroides","k__Bacteria.p__Firmicutes.c__Clostridia.o__Clostridiales.f__Ruminococcaceae.g__Clostridium","k__Bacteria.p__Firmicutes.c__Clostridia.o__Clostridiales.f__Ruminococcaceae.g__Eubacterium","k__Bacteria.p__Firmicutes.c__Clostridia.o__Clostridiales.f__Ruminococcaceae.g__Faecalibacterium","k__Bacteria.p__Firmicutes.c__Clostridia.o__Clostridiales.f__Ruminococcaceae.g__Oscillospira","k__Bacteria.p__Firmicutes.c__Clostridia.o__Clostridiales.f__Ruminococcaceae.g__Ruminococcus","k__Bacteria.p__Firmicutes.c__Clostridia.o__Clostridiales.f__Ruminococcaceae.g__Subdoligranulum","k__Bacteria.p__Firmicutes.c__Clostridia.o__Clostridiales.f__Veillonellaceae.g__Acidaminococcus","k__Bacteria.p__Firmicutes.c__Clostridia.o__Clostridiales.f__Veillonellaceae.g__Dialister","k__Bacteria.p__Firmicutes.c__Clostridia.o__Clostridiales.f__Veillonellaceae.g__Megasphaera","k__Bacteria.p__Firmicutes.c__Clostridia.o__Clostridiales.f__Veillonellaceae.g__Phascolarctobacterium","k__Bacteria.p__Firmicutes.c__Clostridia.o__Clostridiales.f__Veillonellaceae.g__Veillonella","k__Bacteria.p__Fusobacteria.c__Fusobacteria.o__Fusobacteriales.f__Fusobacteriaceae.g__Cetobacterium","k__Bacteria.p__Fusobacteria.c__Fusobacteria.o__Fusobacteriales.f__Fusobacteriaceae.g__Fusobacterium","k__Bacteria.p__Fusobacteria.c__Fusobacteria.o__Fusobacteriales.f__Fusobacteriaceae.g__J2.29","k__Bacteria.p__Fusobacteria.c__Fusobacteria.o__Fusobacteriales.f__Fusobacteriaceae.g__Leptotrichia","k__Bacteria.p__Gemmatimonadetes.c__Gemmatimonadetes.o__Gemmatimonadales.f__Gemmatimonadaceae.g__Gemmatimonas","k__Bacteria.p__Planctomycetes.c__Planctomycea.o__Planctomycetales.f__Planctomycetaceae.g__Planctomyces","k__Bacteria.p__Proteobacteria.c__Alphaproteobacteria.o__Caulobacterales.f__Caulobacteraceae.g__Brevundimonas","k__Bacteria.p__Proteobacteria.c__Alphaproteobacteria.o__Rhizobiales.f__Bradyrhizobiaceae.g__Bosea","k__Bacteria.p__Proteobacteria.c__Alphaproteobacteria.o__Rhizobiales.f__Bradyrhizobiaceae.g__Bradyrhizobium","k__Bacteria.p__Proteobacteria.c__Alphaproteobacteria.o__Rhizobiales.f__Hyphomicrobiaceae.g__Hyphomicrobium","k__Bacteria.p__Proteobacteria.c__Alphaproteobacteria.o__Rhizobiales.f__Hyphomicrobiaceae.g__Rhodoplanes","k__Bacteria.p__Proteobacteria.c__Alphaproteobacteria.o__Rhizobiales.f__Methylobacteriaceae.g__Methylobacterium","k__Bacteria.p__Proteobacteria.c__Alphaproteobacteria.o__Rhizobiales.f__Rhizobiaceae.g__Agrobacterium","k__Bacteria.p__Proteobacteria.c__Alphaproteobacteria.o__Rhodobacterales.f__Rhodobacteraceae.g__Paracoccus","k__Bacteria.p__Proteobacteria.c__Alphaproteobacteria.o__Sphingomonadales.f__Sphingomonadaceae.g__Novosphingobium","k__Bacteria.p__Proteobacteria.c__Alphaproteobacteria.o__Sphingomonadales.f__Sphingomonadaceae.g__Sphingobium","k__Bacteria.p__Proteobacteria.c__Alphaproteobacteria.o__Sphingomonadales.f__Sphingomonadaceae.g__Sphingomonas","k__Bacteria.p__Proteobacteria.c__Alphaproteobacteria.o__Sphingomonadales.f__Sphingomonadaceae.g__Sphingopyxis","k__Bacteria.p__Proteobacteria.c__Betaproteobacteria.o__Burkholderiales.f__.g__Tepidimonas","k__Bacteria.p__Proteobacteria.c__Betaproteobacteria.o__Burkholderiales.f__Alcaligenaceae.g__Sutterella","k__Bacteria.p__Proteobacteria.c__Betaproteobacteria.o__Burkholderiales.f__Burkholderiaceae.g__Burkholderia","k__Bacteria.p__Proteobacteria.c__Betaproteobacteria.o__Burkholderiales.f__Burkholderiaceae.g__Ralstonia","k__Bacteria.p__Proteobacteria.c__Betaproteobacteria.o__Burkholderiales.f__Comamonadaceae.g__Comamonas","k__Bacteria.p__Proteobacteria.c__Betaproteobacteria.o__Burkholderiales.f__Comamonadaceae.g__Limnohabitans","k__Bacteria.p__Proteobacteria.c__Betaproteobacteria.o__Burkholderiales.f__Oxalobacteraceae.g__Herbaspirillum","k__Bacteria.p__Proteobacteria.c__Betaproteobacteria.o__Burkholderiales.f__Oxalobacteraceae.g__Massilia","k__Bacteria.p__Proteobacteria.c__Betaproteobacteria.o__Methylophilales.f__Methylophilaceae.g__Methylotenera","k__Bacteria.p__Proteobacteria.c__Betaproteobacteria.o__Neisseriales.f__Neisseriaceae.g__Neisseria","k__Bacteria.p__Proteobacteria.c__Betaproteobacteria.o__Rhodocyclales.f__Rhodocyclaceae.g__Zoogloea","k__Bacteria.p__Proteobacteria.c__Deltaproteobacteria.o__Bdellovibrionales.f__Bdellovibrionaceae.g__Bdellovibrio","k__Bacteria.p__Proteobacteria.c__Deltaproteobacteria.o__Desulfovibrionales.f__Desulfovibrionaceae.g__Bilophila","k__Bacteria.p__Proteobacteria.c__Epsilonproteobacteria.o__Campylobacterales.f__Campylobacteraceae.g__Campylobacter","k__Bacteria.p__Proteobacteria.c__Gammaproteobacteria.o__Aeromonadales.f__Aeromonadaceae.g__Aeromonas","k__Bacteria.p__Proteobacteria.c__Gammaproteobacteria.o__Enterobacteriales.f__Enterobacteriaceae.g__Escherichia","k__Bacteria.p__Proteobacteria.c__Gammaproteobacteria.o__Pasteurellales.f__Pasteurellaceae.g__Actinobacillus","k__Bacteria.p__Proteobacteria.c__Gammaproteobacteria.o__Pasteurellales.f__Pasteurellaceae.g__Haemophilus","k__Bacteria.p__Proteobacteria.c__Gammaproteobacteria.o__Pseudomonadales.f__Moraxellaceae.g__Acinetobacter","k__Bacteria.p__Proteobacteria.c__Gammaproteobacteria.o__Pseudomonadales.f__Pseudomonadaceae.g__Pseudomonas","k__Bacteria.p__Proteobacteria.c__Gammaproteobacteria.o__Xanthomonadales.f__Xanthomonadaceae.g__Luteibacter","k__Bacteria.p__Proteobacteria.c__Gammaproteobacteria.o__Xanthomonadales.f__Xanthomonadaceae.g__Pseudoxanthomonas","k__Bacteria.p__Proteobacteria.c__Gammaproteobacteria.o__Xanthomonadales.f__Xanthomonadaceae.g__Stenotrophomonas","k__Bacteria.p__Spirochaetes.c__Spirochaetes.o__Spirochaetales.f__Spirochaetaceae.g__Treponema","k__Bacteria.p__Tenericutes.c__Erysipelotrichi.o__Erysipelotrichales.f__Erysipelotrichaceae.g__Bulleidia","k__Bacteria.p__Tenericutes.c__Erysipelotrichi.o__Erysipelotrichales.f__Erysipelotrichaceae.g__Catenibacterium","k__Bacteria.p__Tenericutes.c__Erysipelotrichi.o__Erysipelotrichales.f__Erysipelotrichaceae.g__Clostridium","k__Bacteria.p__Tenericutes.c__Erysipelotrichi.o__Erysipelotrichales.f__Erysipelotrichaceae.g__Coprobacillus","k__Bacteria.p__Tenericutes.c__Erysipelotrichi.o__Erysipelotrichales.f__Erysipelotrichaceae.g__Holdemania","k__Bacteria.p__Verrucomicrobia.c__Verrucomicrobiae.o__Verrucomicrobiales.f__Verrucomicrobiaceae.g__Akkermansia","k__Bacteria.p__Verrucomicrobia.c__Verrucomicrobiae.o__Verrucomicrobiales.f__Verrucomicrobiaceae.g__Prosthecobacter","unclassified"
0,7.42776498551586e-05,0,0,0,0,0,0,0,0,0,0,0.0144098640719008,0,0,7.42776498551586e-05,0,0,0.115873133774047,0,7.42776498551586e-05,0,0,0,0,0,0,0,0,7.42776498551586e-05,0,0,0,0,0.00319393894377182,0,0,0.000742776498551586,0.00386243779246825,0.00326821659362698,0,0,0,0,0,0,0.000148555299710317,0.0149298076208869,0.00817054148406744,0.0259971774493055,0,0,0,0,7.42776498551586e-05,0,0,0.00319393894377182,0.00245116244522023,0,0,0,0,0.000594221198841269,7.42776498551586e-05,0,7.42776498551586e-05,0,0,0,0,0,0,0.000371388249275793,0.000668498848696427,0,0,0,0,7.42776498551586e-05,0,0,0,0,0,0,0,0,0,0,0,0,7.42776498551586e-05,0,0,0,0,0,0,0,0,0,0,0,0,0,0,0,0.62274381638565,0,0,0.000297110599420634,0.000222832949565476,0,0,0,0,0,0,0.0287454504939464,0,0,0,0,0.149446631508579
0,0.003338718362951,0.000861604738826064,0,0,0,0,0,0.000107700592353258,0.000861604738826064,0,0,0.00118470651588584,0,0,0,0,0,0,0,0,0,0,0,0,0.00053850296176629,0,0,0,0.0012924071082391,0.00366182014001077,0.000430802369413032,0.000215401184706516,0.00053850296176629,0.000107700592353258,0,0,0.077652127086699,0,0.0040926225094238,0,0,0,0,0,0,0,0,0.000107700592353258,0.000107700592353258,0,0,0,0,0,0,0,0,0,0,0,0,0,0,0,0,0,0,0.000215401184706516,0,0,0,0,0,0.000969305331179321,0,0,0,0,0,0,0.000215401184706516,0,0,0,0,0.00355411954765751,0.000753904146472806,0,0,0,0.000215401184706516,0,0,0.000107700592353258,0.000107700592353258,0.000430802369413032,0,0,0.000107700592353258,0,0,0.000107700592353258,0,0,0,0,0,0.39569197630587,0,0,0.00118470651588584,0.000215401184706516,0,0,0.000107700592353258,0,0,0,0,0,0,0,0.000430802369413032,0.50048465266559
0,0.000291559356625686,0.000242966130521405,0,0,4.85932261042811e-05,0,0,0,0,0,0,0.000291559356625686,0,0,0,0,0,0.113756742310122,0,0,0,0.000340152582729967,0.000291559356625686,0,0,0,0,0,0,0.00092327129598134,0,0,0,0.010884882647359,0,0,0.00379027163613392,0,0.175275766558142,0,0,0,0,0,0,0,0.00111764420039846,0.00150639000923271,0.00690023810680791,0,0.00456776325380242,0.00651149229797366,0,4.85932261042811e-05,0,0,0.000485932261042811,0.00170076291364984,0,0,0,0,0,0.000534525487147092,0,4.85932261042811e-05,0.000194372904417124,0,0,0,9.71864522085621e-05,0,0,4.85932261042811e-05,0,9.71864522085621e-05,4.85932261042811e-05,0,0,0,0,0,0,0,0,0,0,0,0,0,0,0,0,9.71864522085621e-05,0,0,0,0,0,0,0,0,0,0,0,0,0,0.098547062539482,0.000145779678312843,0,0,0,0,0,0,0,4.85932261042811e-05,0,0.0928130618591768,0,0,4.85932261042811e-05,0,0.478254531318334
0,0,0,0,0,0.000660938532716457,0,0,0,0.000660938532716457,0,0,0,0,0,0,0,0,0.372769332452082,0,0,0,0,0.00264375413086583,0.000660938532716457,0,0,0,0,0.000660938532716457,0,0,0,0,0.000660938532716457,0.00198281559814937,0,0.00198281559814937,0,0,0,0,0,0,0,0,0,0.0469266358228685,0.0469266358228685,0.0343688037012558,0.00793126239259749,0,0.0218109715796431,0,0,0,0,0.000660938532716457,0.00859220092531395,0,0,0,0,0.000660938532716457,0.00198281559814937,0,0.000660938532716457,0.00330469266358229,0,0.0046265697290152,0,0.0138797091870456,0.00594844679444812,0,0,0,0.00528750826173166,0,0,0,0,0,0,0,0,0,0,0.000660938532716457,0,0,0,0.00264375413086583,0,0,0,0.000660938532716457,0.000660938532716457,0,0,0.00198281559814937,0,0,0,0,0,0.00528750826173166,0,0,0.015862524785195,0,0,0.000660938532716457,0.00330469266358229,0,0,0,0.000660938532716457,0,0,0.0171844018506279,0.00132187706543291,0,0,0.00132187706543291,0.361533377395902
0,0.000506956570720442,0,0,0,0.000281642539289134,0,0,0,0.00123922717287219,0,0,0.201205430068157,0,0,0,0,0,0,0,0,0,0,0,0,0,0,0,0,0,0.000281642539289134,0,0,0,0,0.000112657015715654,0.0123359432208641,0.514110291218386,0,0,0,0,0,0,0,0,0,0,5.63285078578268e-05,0,0,0.000281642539289134,0,0,0,0,0,0,0,0,0,0,0,0,0,0,0,0,0,0,0,0,0,0,0,0,0,0,0,0,0,0,0,0,0,0,0,0,0,0,0,0,0,0,0,0,0.000394299555004788,0,0,0,0,0,0,0,0,0,0,0,0.0290655100546387,0.00157719822001915,0.000168985523573481,0,0,0,0,0,0,0,0,0,0,0,0,0,0.238382245254323
0,0.00593421498813157,0.000282581666101503,0,0,0,0,0,0,0.00163897366338872,0,0.00175200632982932,0,0,0,0,0,0,5.65163332203007e-05,0,0,0,0,0,0,0,0,0,0,0,5.65163332203007e-05,0,0,0,0.0182547756301571,0.000113032666440601,0,0.0569119475528428,0,0.00214762066237143,0,0,0,0,0,0,0,0.0190460042952413,0.00107381033118571,0,0.0139595343054143,0,0.000113032666440601,0,0,0,0,0.000169548999660902,0.0883915451565502,5.65163332203007e-05,0,0,0,0,0,0,0,0,0,0,0,0,0,0,0.00610376398779247,0,0,0,0,0,0,0,0,0,0,0,0,0,0,0.000113032666440601,0,0.000282581666101503,0,0,0,0,0,0,0,0,0,0,0,0,0,0,0,0,0.269017746128631,0,0,0.000282581666101503,0.00214762066237143,0,0,0,0,0,0,0.113428280773143,0,0,5.65163332203007e-05,0,0.398609698202781
0,0,0,0,0,0,0,0,0,0,0,0,9.54653937947494e-05,0,0,0,0,0,0.31236276849642,0,9.54653937947494e-05,0,0,0.000381861575178998,0,0,0,0,0,0.00114558472553699,0,0,0,0,0,0.000381861575178998,0,0.00200477326968974,0,0.0273031026252983,0,0,0,0,0,0,0,0.000572792362768496,0.00133651551312649,9.54653937947494e-05,0,0,0,0,0,0,0,0,0.000190930787589499,0,0,0.000286396181384248,0,0,9.54653937947494e-05,0,9.54653937947494e-05,0,0,0,0,0,0,0,9.54653937947494e-05,0,9.54653937947494e-05,0,0,0,0,0,0,0,0,0,0,0,0,0,0,0,0,0,0,0,0,0,0,0,0,0,0,0,0,0,0,0,0.0194749403341289,0,0,0,0,0,0,0,0,0,0,0.0161336515513127,0,0,0,0,0.617756563245823
0,0.000153739718656315,0,0,0,0,0,0,0,0,0,0,0.00868629410408179,0,0,0,0,0.00192174648320394,0.305096471673457,0,0.00161426704589131,0,0.00176800676454762,0.0111461296025828,0,7.68698593281574e-05,0,0,0,0,0.000614958874625259,0,0,0,0,0,0,0.00507341071565839,7.68698593281574e-05,0,0,0,0,0.00030747943731263,0,0,0,0.00983934199400415,0.0899377354139442,0.00968560227534784,0.00130678760857868,0,0.00376662310707971,0,7.68698593281574e-05,0,0,0.00138365746790683,0.0764086401721885,0,0,0,0,0,0.00322853409178261,0,0.00584210930893996,0,0,0,0,0.000845568452609732,0,0.000614958874625259,0,0,0,0,0,0,0,0,0,0.000999308171266047,0,0,0,0,0,0,0,0,0,0,0.0980090706434007,0.000230609577984472,0,0,0,0,0,0,0,0,0,0,0,0,0.0259051425935891,0,0,0,0,0,0,0,0,0,0,0.080559612575909,0,0,0,0,0.254823583672842
0,0.000645350542681138,5.86682311528307e-05,0,0,0,0,0,0,0.000704018773833969,0,0,0.00205338809034908,0,0,0.000234672924611323,0.000234672924611323,0,0.278087415664418,0,0.00129070108536228,0,0.000586682311528307,0.000117336462305661,0,0,0,0,0,0,0.000234672924611323,0,0,0,0,5.86682311528307e-05,0,0.0113229686124963,0,0.00792021120563215,0.000117336462305661,0,0.000176004693458492,0,0,0,0,0.0394250513347023,0.0933411557641537,0.0427104722792608,0.00328542094455852,0,0.00657084188911704,0,0.00569081842182458,0,0,0.000176004693458492,0.0127896743913171,0,5.86682311528307e-05,0,0,0.000234672924611323,0.00246406570841889,0,0.0669991199765327,0.000117336462305661,0,5.86682311528307e-05,0,0,0,5.86682311528307e-05,0.00111469639190378,0,5.86682311528307e-05,0,0,0,0,0,0,0,0,0,0,0,0,0,0,0,0,0,0.0291581108829569,0,5.86682311528307e-05,0,0,0,0,0,0,0,0,5.86682311528307e-05,0,0,0.000352009386916984,0.000293341155764154,0,0.00158404224112643,0,0,0,0,0,0,0,0.0161924317981813,0,0,0.000117336462305661,0,0.373188618363156
0,0.0121203867629034,0.0247855100095329,0.000136184120931499,0.0239684052839439,0.000408552362794498,0,0.000136184120931499,0.000136184120931499,0.0110309137954515,0.000136184120931499,0,0,0,0,0.000136184120931499,0,0,0,0,0.000136184120931499,0,0,0,0,0.000680920604657497,0.000136184120931499,0.000272368241862999,0,0.0163420945117799,0.00503881247446548,0,0.000817104725588996,0,0.0341822143538063,0.00817104725588996,0.000272368241862999,0.0597848290889282,0.000544736483725998,0.000272368241862999,0,0,0,0,0,0,0,0.0671387716192292,0.000136184120931499,0,0.00585591720005447,0,0,0,0,0,0,0,0.00803486313495846,0,0,0.00163420945117799,0,0,0,0,0,0,0.000136184120931499,0,0,0,0,0,0,0,0,0,0.00122565708838349,0,0,0.00136184120931499,0,0.00272368241862999,0,0,0,0.00449407599073948,0,0,0.00190657769304099,0.0102138090698625,0,0,0.000408552362794498,0.000408552362794498,0.000136184120931499,0.000953288846520496,0.000408552362794498,0,0.000272368241862999,0.000953288846520496,0,0,0,0,0,0.00544736483725998,0.0292795860002724,0,0,0.0275091924281629,0.00626446956284897,0.00394933950701348,0.000272368241862999,0.00422170774887648,0,0,0,0.000136184120931499,0,0,0,0,0.61487130600572
0,7.55458185389439e-05,0,0,0,0,0,0,0,0,0,0,7.55458185389439e-05,0,0.000302183274155775,0,0,0.000151091637077888,0.195663670015865,0.00211528291909043,0.0043061116567198,0,0,0.00468384074941452,0,0.000831004003928383,0.000302183274155775,0,0,0,0.000377729092694719,0,0,0,0,0,0,0.00483493238649241,0,7.55458185389439e-05,0,0,0,0.00838558585782277,0,0,0,0.0530331646143386,0.0191886379088917,0.0055148447533429,0,0,7.55458185389439e-05,0,0.0142781597038604,0,0,0.0389060965475561,0.0299161441414218,0,0,0,0.000679912366850495,0.00135982473370099,0.00256855783032409,0.00914104404321221,0.0123895142403868,0.0246279368436957,0.00634584875727129,0.0536375311626501,0.00581702802749868,0.0373951801767772,0,0,0.000302183274155775,0,0,0,0,0,0,0,0,0,0,0,7.55458185389439e-05,0,0,0,0,7.55458185389439e-05,0,0,0,7.55458185389439e-05,0,0,0,0,0,0,0,0,0,0.00400392838256403,0.000377729092694719,0,0.0105008687769132,7.55458185389439e-05,0,0,0,0,0,0,0,0,0,0.00151091637077888,0,0,0,0,0.445946966835386
0,0,0,0,0,0,0,0,0,0,0,0,0,0,0,0,0,0,0.607035175879397,0,0.0103015075376884,0,0,0,0,0,0,0,0,0.00678391959798995,0,0,0,0,0,0,0,0.00050251256281407,0,0,0,0,0,0,0,0,0,0.000251256281407035,0.00276381909547739,0,0,0,0,0,0,0,0,0.000251256281407035,0.0660804020100502,0,0,0,0,0,0,0,0.000251256281407035,0,0,0,0,0,0,0,0,0,0,0,0,0,0,0,0,0,0,0,0,0,0,0,0,0.0173366834170854,0,0,0.0103015075376884,0.00100502512562814,0,0,0,0,0,0,0,0,0,0,0,0,0.0379396984924623,0,0,0,0,0,0,0,0.0110552763819095,0,0,0.0329145728643216,0,0,0,0,0.195226130653266
0,0.0204326923076923,0.00745192307692308,0.00144230769230769,0,0.000721153846153846,0,0,0.000240384615384615,0.0377403846153846,0,0,0,0.0100961538461538,0,0,0,0,0,0,0,0,0.000961538461538462,0,0.000240384615384615,0.000961538461538462,0.000240384615384615,0.00144230769230769,0.000721153846153846,0,0.0798076923076923,0,0.00649038461538462,0,0.0706730769230769,0,0,0.324759615384615,0,0,0,0,0,0,0,0,0,0,0,0,0,0,0,0,0,0,0,0.000240384615384615,0,0,0,0.000240384615384615,0,0,0,0,0,0,0,0,0,0,0,0,0.00384615384615385,0,0,0,0,0,0,0,0,0,0,0,0.00192307692307692,0.00144230769230769,0,0,0,0.000961538461538462,0,0,0,0.000240384615384615,0.000721153846153846,0.000480769230769231,0.000480769230769231,0,0,0.000480769230769231,0,0,0.00168269230769231,0,0,0,0.00216346153846154,0,0,0.0197115384615385,0,0,0,0.00408653846153846,0,0,0,0,0,0,0,0,0.396875
0,0.000120414224933772,0,0,0,0,0,8.02761499558481e-05,4.01380749779241e-05,0.000481656899735089,0,0,0.000120414224933772,0,0,0.000120414224933772,0,4.01380749779241e-05,0.244922533515293,0,4.01380749779241e-05,0,0.0921971582242916,0,0,0,0,0,0,0,4.01380749779241e-05,0,0,0,0,0,0,0.0065023681464237,0,0.0041743597977041,0.000160552299911696,0.000280966524845468,0.000160552299911696,0,0,0,0,0.0604078028417757,0.0373284097294694,0.00124428032431565,0.000401380749779241,0.0165770249658826,0.0111583848438629,0,0.021152765513366,0,0,0,0.0382917235289396,0,8.02761499558481e-05,0.000321104599823392,0,4.01380749779241e-05,0,0,0.0987396644456932,0,0,0,0,8.02761499558481e-05,0,0,0.00305049369832223,0,0.000160552299911696,0,0,0,0,0,0,0,0,0,0,0,0,0,4.01380749779241e-05,0.000120414224933772,0,0,0,0,0,0,0,0,0,0,0,0,0,0,4.01380749779241e-05,0,0.0113189371437746,4.01380749779241e-05,0,8.02761499558481e-05,0.000521794974713013,0,0,0.000120414224933772,0,0,0,0.0302641085333547,0,0,4.01380749779241e-05,0,0.318897005699607
0,0,0.00504948495253484,0,0,0,0,0.00393859826297718,0,0,0,0,0,0,0,0,0,0,0.000302969097152091,0,0,0,0,0,0,0,0,0,0,0,0,0.000100989699050697,0,0,0,0.0284790951322965,0.000403958796202787,0.00757422742880226,0.000201979398101394,0,0.000403958796202787,0,0,0,0,0,0,0.00141385578670976,0,0,0,0,0,0,0,0,0,0,0,0,0,0,0,0,0,0,0,0,0,0,0,0,0,0,0,0,0,0,0,0,0,0,0,0,0,0,0,0,0,0.00464552615633205,0,0,0,0.000201979398101394,0.000100989699050697,0,0,0,0.000504948495253484,0,0,0,0,0,0.00111088668955767,0,0,0,0.904665724096142,0,0,0.00121187638860836,0,0,0,0,0,0,0,0,0,0,0,0,0.0396889517269239
0,0,0,0,0,0,0,0,0,0.000201918223119637,0,0,0.012216052498738,0,0,0,0,0.000908632004038365,0.323372034326098,0,0.000100959111559818,0,0.000201918223119637,0,0,0,0,0,0,0,0,0,0,0,0.000100959111559818,0,0,0.00504795557799091,0.00141342756183746,0.00848056537102473,0,0,0,0,0,0,0.00373548712771328,0.191923271075215,0.0607773851590106,0.000100959111559818,0,0,0,0,0.000201918223119637,0,0,0,0.0191822311963655,0,0,0.000100959111559818,0,0.00232205956587582,0.000908632004038365,0,0.000100959111559818,0,0.000100959111559818,0,0.000100959111559818,0.00343260979303382,0,0,0.0160524987380111,0,0.000100959111559818,0,0,0,0,0,0,0,0,0,0,0,0,0.000201918223119637,0,0.000201918223119637,0,0,0,0,0,0,0,0,0,0,0,0,0,0,0,0,0.00868248359414437,0.000706713780918728,0,0,0,0,0,0,0,0,0,0.0242301867743564,0,0,0.00312973245835437,0,0.311660777385159
0,0.000186880956830499,0,0,0,0,0,9.34404784152495e-05,0,0,0,0,0.000186880956830499,0.000186880956830499,0,0,0,0,0.000186880956830499,0,0,0,0.000280321435245748,0,0,0,0.000186880956830499,0,0,0,0.000467202392076247,0,0.000186880956830499,0,0.00233601196038124,0,0,0.00186880956830499,0.0169127265931602,0.0146701551111942,0,0,0,0,0,0,0,0,0,0,0,9.34404784152495e-05,0,0,0,0,0,0,0,0,0,0.0752195851242758,0,0,0,0,0,0,0,0,0,0,0,0,0.000280321435245748,0,0,0,0,0,0,0.00224257148196599,0,0,0,0,0,0.000467202392076247,0,0.000467202392076247,0.000186880956830499,0.000373761913660998,0,0,0,9.34404784152495e-05,0,0,0.000373761913660998,9.34404784152495e-05,0,0,0,0,0,0,0,0,0.000467202392076247,0,0,0.00607363109699122,0.0182208932909736,0,0,0.000654083348906746,0,0,0,9.34404784152495e-05,0,0,0,0,0.856849187067838
0,0,0,0.000258933195235629,0,0,0,0,0,0,0.000194199896426722,0,0.000194199896426722,0,0,0,0.00142413257379596,0,0.21504401864319,0,0,0,0.0079621957534956,0,0.00071206628689798,0,0,0,0,0,0,0,0,0,0,0,0,0.00479026411185914,0.00116519937856033,0.0327550491973071,0.00071206628689798,0,0,0,0,0,0,0.00420766442257897,0.0127524598653547,0,0,0,0,0,0,0,0,0,0.0112635939927499,0,0,0,0,0,0.00155359917141378,0,0.0254401864319006,0,0,0,0,0.00142413257379596,0,0,0.00161833247022268,0,0.00220093215950285,0,0,0,0,0,0,0,0,0,0,0,0,0.000906266183324702,0.00103573278094252,0.000582599689280166,0,0,0.0185137234593475,0.000129466597617815,0.000517866390471258,0,0,0,0,0,0,0,0,0,0.00135939927498705,0,0.345870015535992,0,0,0.0100336613153806,0.00938632832729156,0,0,0,0,0,0,0.0376100466079751,0,0,0,0.000453133091662351,0.247928534438115
0,0.00180430256766135,0,0,0,0,0,0,0.000416377515614157,0,0,0.000346981263011797,0,0,0,0,0,0,0.0208882720333102,0,0,0.000832755031228314,0.00159611380985427,0,0,0,0,0,0,0,0.000277585010409438,0,0,0,0,0,0,0.00957668285912561,0.228591256072172,0.109229701596114,0,0,0.000971547536433033,0,0,0,0,0.000416377515614157,0.000693962526023595,6.93962526023595e-05,0,0.00319222761970854,6.93962526023595e-05,0,0,0,0,0,6.93962526023595e-05,0,0,0.0483691880638446,0,0,0,0,0.000138792505204719,0,0.000485773768216516,0,0,0,0,0,0.0022206800832755,0,0,0,0,0,0,6.93962526023595e-05,0,0,0,0,0.000346981263011797,0,0,0,0,0.00117973629424011,0,0,0,0,0,6.93962526023595e-05,0,0,0,0,0,0,0,0,0,0,0.0741845940319223,6.93962526023595e-05,0,0.000555170020818876,0.0077029840388619,0,0,0,0,0,0,0.00916030534351145,0,0,0,0,0.476405274115198
0,5.99952003839693e-05,3.59971202303816e-05,0,0,0,0,0,1.19990400767939e-05,0.000179985601151908,0,0,9.59923206143508e-05,0,0,0,0,0,2.39980801535877e-05,0,0,0,1.19990400767939e-05,0,0,0,0,0,0,0,9.59923206143508e-05,0,0,1.19990400767939e-05,1.19990400767939e-05,0,0,0.000803935685145188,0.000239980801535877,0.017578593712503,4.79961603071754e-05,0,0,0,0,0,0,0.000167986561075114,0.00244780417566595,0.000323974082073434,1.19990400767939e-05,0.0482721382289417,7.19942404607631e-05,0,0.012922966162707,0,0,4.79961603071754e-05,0.0651187904967603,0,2.39980801535877e-05,0,0,0,0.000587952963762899,0,0.0304655627549796,0,0,0,1.19990400767939e-05,0,0,0,0.00436765058795296,0,3.59971202303816e-05,0,0,0,0,0,0,0,0,0,0,0,0,0,0,3.59971202303816e-05,0,0,0.00439164866810655,0,0,0,0,0,2.39980801535877e-05,0,0,0,0,0,0,0,0.0723422126229902,1.19990400767939e-05,0,3.59971202303816e-05,0,0,0,0,0,3.59971202303816e-05,0,0.0245500359971202,0,0,0,0,0.71448284137269
0,0.000605216970283847,0,0,0,0,0,0,0,0,0,0,6.05216970283847e-05,0,0,0,0,6.05216970283847e-05,0.353930884221994,0.000786782061369001,0.0176118138352599,0.000423651879198693,0.00683895176420747,0.00502330085335593,0,0,0,0,0,0,0.000242086788113539,0,0,0,6.05216970283847e-05,0,0,0.0549537009017733,0,0.0374024087635417,0.000423651879198693,0.00217878109302185,0.00181565091085154,0,0,0,6.05216970283847e-05,0.0692368214004721,0.0110754705561944,0.00817042909883193,0.00139199903165285,0,0,0,0.000181565091085154,0,0,0.0214246807480482,0.0338921503358954,0,0,6.05216970283847e-05,0,0.00108939054651092,0.00532590933849785,0,0.0106518186769957,0,0,0,0,0.000605216970283847,0,0,0.000786782061369001,0,0,0,0,0,0,0,0,0.000181565091085154,0,0,0,0,0,0,0,0,0,0,0.00369182351873147,0,0,0,0,0,0,0,0,0,0,0,0,0,0.0132542516492162,6.05216970283847e-05,0,0,0,0,0,0,0,0,0,0.000847303758397385,0.000181565091085154,0,0,0,0.335411244931308
0,0.00200770960488275,0.000133847306992183,0,0,0.000214155691187493,0,0,0,0.0013117036085234,0,5.35389227968733e-05,0.00024092515258593,0.000133847306992183,0,0.000214155691187493,0,0,0.00650497911982011,0,0,0,0.00128493414712496,0,0,0.000535389227968733,0,0.00024092515258593,0,0,0.00147232037691402,2.67694613984367e-05,0,0.00032123353678124,0.000267694613984367,2.67694613984367e-05,0,0.00891423064567941,0,0.0747135667630367,0.000696005996359353,0.00227540421886712,0.00171324552949995,0,2.67694613984367e-05,0,0,0.00117785630153121,0.0117785630153121,0.00136524253132027,0,8.030838419531e-05,0.000267694613984367,0,0.000107077845593747,0,0,5.35389227968733e-05,0.000294464075382803,0,0.000936931148945283,2.67694613984367e-05,0,0,0.00174001499089838,0,0.00851268872470286,8.030838419531e-05,0,0,0,0.00024092515258593,0,0,0.000214155691187493,0,0.000348002998179677,0,0,0,0,0,0,0,0,0,0,0,0,0,0,0,0,0,8.030838419531e-05,0.00056215868936717,0,0,0,0,0,0,0,0,0,2.67694613984367e-05,0,0,0.205589463539994,0,0,0,0,0,0,0,0,0.00032123353678124,0,0.0315344255273584,0,0,0,0,0.63133097762073
0,0.000241351568785197,0.000241351568785197,0,0,0,0,0,0,0,0.000160901045856798,0,0,0,0,0,0,0,0.571279163314562,0,0.00603378921962993,0,8.0450522928399e-05,0.000321802091713596,0,0,0,0,0,0,8.0450522928399e-05,0,0,0,0,0,0,0.000482703137570394,0,0.000643604183427192,0,0,0.000402252614641995,0,0,0,0,0.0169750603378922,0.0197908286403862,0.00289621882542237,0,0,0.00241351568785197,0,0,0,0,0,0.000160901045856798,0,0,0,0,0.00209171359613838,0.00707964601769911,0,0,0,0,0,0,0,0,0,0,0,8.0450522928399e-05,0,0,0,0,0,0,8.0450522928399e-05,0,0,0,0,0,0,8.0450522928399e-05,0,0,0.000160901045856798,0.0245374094931617,0,0,0,0,0,0,0,0,0,0,0.000241351568785197,0,0,0.0278358809332261,0,0,0,0.00104585679806919,0,0,0.000160901045856798,0,0,0.0340305711987128,0.00378117457763475,0,0.000241351568785197,0,0,0.276347546259051
0,0.000149089065807914,0,0,0,0,0,0,0,0,0,0,0.000238542505292662,0,5.96356263231655e-05,2.98178131615827e-05,0.000208724692131079,2.98178131615827e-05,0.241345379729851,0,0.0314876106986314,0,0.0529564361749709,0.0150878134597609,0,0,0,0,0,0,0.000447267197423741,0,0,0,0,2.98178131615827e-05,0,0.00149089065807914,0.000357813757938993,0.00208724692131079,0,0,0,0,0,0,0,0.0949399171064794,0.0366759101887468,0.0172346960073948,0.00313087038196619,0,0.0124042102752184,2.98178131615827e-05,0.0010436234606554,0,2.98178131615827e-05,0.0194412141813519,0.0200972060709068,0,0,2.98178131615827e-05,2.98178131615827e-05,0.000477085010585324,0.00411485821629842,0.000149089065807914,0.0292810925246742,0.000178906878969496,0.00357813757938993,0.00175925097653338,0,0.000447267197423741,0,0.00578465575334705,0.000119271252646331,0,0.119986880162209,0,0,0,0,0,0,0,0,0,0,0,0,0,0,0,0,0,0,0,0,0,0,2.98178131615827e-05,0,0,0,0,0,0.0015505262844023,0,0,0.0972358887199213,0,0,0,0,0,0,0,0,0.000119271252646331,0,0.0220353639264096,0,0.000596356263231655,0,0,0.16146345826997
0,0.00193558377206565,0,0,0,0,0,0,0,0.000696810157943636,0,0,7.74233508826262e-05,0,0,0,0,0,0.316661505109941,0,0.0511768349334159,0,0.000154846701765252,7.74233508826262e-05,0,0,0,0,0,7.74233508826262e-05,7.74233508826262e-05,0,0,0,0,0,0,0.0079746051409105,0,0.000774233508826262,0,0,0,7.74233508826262e-05,7.74233508826262e-05,0,0,0.0504026014245897,0.0320532672654072,0.0140136265097553,0.000232270052647879,0,0.00356147414060081,0,0,7.74233508826262e-05,7.74233508826262e-05,7.74233508826262e-05,0.070222979250542,0,0,7.74233508826262e-05,0,7.74233508826262e-05,0.00309693403530505,0,0.0690616289873026,0,0,0,0,0,0,0,0.00116135026323939,0,7.74233508826262e-05,0,0,0,0,0,0,0,0,0,0,0,0,0,0,0,0,0,0,0,7.74233508826262e-05,0,0,0,0,0,0,0,0,0,0,0,7.74233508826262e-05,0,0,0,0.000541963456178383,0,0,0,0,0.000309693403530505,0,0.187519355837721,0,0,0,0,0.187364509135955
0,0.0004359197907585,0.0005231037489102,0,0,0,0,0,0,0.00741063644289451,0,0,0.0002615518744551,0,0,8.71839581517001e-05,8.71839581517001e-05,0,0.0005231037489102,0,0.0034001743679163,0,0,8.71839581517001e-05,0,8.71839581517001e-05,0,0,0,0.0001743679163034,0.0002615518744551,0,0,0,0.000871839581517001,0.0010462074978204,8.71839581517001e-05,0.0032258064516129,0.0131647776809067,0.00653879686137751,0,0,0,0.000959023539668701,0,0,0,0.001743679163034,0.0011333914559721,0,0.0005231037489102,0,0,0,0,0,0,0,0.000959023539668701,0,0,0.0100261551874455,0,0.0001743679163034,0,0,0,0.0013949433304272,8.71839581517001e-05,0.0024411508282476,0,0,0,0,0,0,0,0,0,0.0005231037489102,0,0,0,0,0.0016564952048823,0.0002615518744551,0,0.0001743679163034,0,0,0,0,0,0,0,0,0.0001743679163034,0,0,0,0.0002615518744551,0,0,0,0,0.00540540540540541,0,0,0.612205754141238,0,0,0.0002615518744551,0.0001743679163034,0,0,0.0002615518744551,0,0,0,0.0013949433304272,0,0,0,0,0.319529206625981
0,0,0.000242033077853973,0,0,0,0,0,0,0,0,0,0,0,0,0,0.000564743848325938,0.000161355385235982,0.453892698668818,0,0,0,0,0,0,8.06776926179911e-05,0,0,0,0,0,0,0,0,0,0,0,0.00395320693828157,0,0,0,0,0,0,8.06776926179911e-05,0,0.000322710770471965,0.0732553448971359,0.0609923356192013,0.000403388463089956,8.06776926179911e-05,0,0,0,0,0,0,8.06776926179911e-05,0.0677692617991126,0,0,0,0,0.00467930617184349,0.00250100847115772,0,0.000403388463089956,0,0,0,0,0,0,0,0.00145219846712384,0,0,0,0,0,0,0,0,0,0,0,0,0,0,0,0,0,0,0,8.06776926179911e-05,0,0,0,0,0,0,0,0,0,0,0,0,0,0.0901976603469141,0,0,0,0,0,0,0,0,0,0,0.0193626462283179,0,0,0,0,0.219443323920936
0,0.000523012552301255,0.00732217573221757,0,0,0,0,0,0,0.00104602510460251,0,0,0,0,0,0,0,0,0.00104602510460251,0,0,0.00523012552301255,0.00104602510460251,0,0.00104602510460251,0,0,0,0.00156903765690377,0.000523012552301255,0.00732217573221757,0,0,0.00889121338912134,0,0.142782426778243,0,0.0685146443514644,0,0.0104602510460251,0.000523012552301255,0.00784518828451883,0.00523012552301255,0,0,0,0.00209205020920502,0,0,0,0,0.00627615062761506,0,0,0,0,0.00209205020920502,0,0,0,0,0,0,0,0,0,0,0.00156903765690377,0,0,0,0,0,0,0.00104602510460251,0,0,0,0,0.0135983263598326,0,0,0,0.00313807531380753,0.00104602510460251,0.0120292887029289,0.00104602510460251,0.00627615062761506,0,0,0,0.000523012552301255,0,0,0,0,0.00209205020920502,0.00418410041841004,0,0,0,0,0.00261506276150628,0,0,0.000523012552301255,0,0,0.00313807531380753,0.000523012552301255,0.00313807531380753,0.00679916317991632,0.0360878661087866,0,0,0,0,0,0,0,0,0,0,0,0.619246861924686
0,0.000610081598413788,0,0,0,0,0,0,0,0,0,0,0,0,0,0,0,0,0.00556699458552581,0,0,0,0,0,0,0,0,0,0,0,7.62601998017235e-05,0,0,0,0,0,0,0.000762601998017235,0.0426294516891634,0.00373674979028445,0,0,0,0.000305040799206894,0,0,0,0.0048806527873103,0.0012964233966293,0.000305040799206894,0,0,0,0,0,0,0,0,0.00152520399603447,0,0,0.387249294593152,0,0,0.000915122397620682,0,0,0,0,0,0,0,0,0,0.000152520399603447,7.62601998017235e-05,0,0,0,0,0,0,0,0,0,0,0,0,0,0,0,0,7.62601998017235e-05,0,0,0,0,0,0,0,0,0,0,0,0,0,0,0,0.00541447418592237,0,0,0,0,0,0,0,0,0,0,0.0115152901700602,0,0,0,0,0.532906276214444
0,0,0,0,0,0,0,0,0,0,0,0,0,0,0,0,0,0,0.000195579894386857,0,0,0,0,0,0,0,0,0,0,0.00528065714844514,0.000977899471934285,0,0.000195579894386857,0,0.000391159788773714,0,0,0.000586739683160571,0,0.000782319577547428,0,0,0.000195579894386857,0,0,0,0,0.00606297672599257,0.0707999217680422,0,0.0254253862702914,0.183258361040485,0,0,0,0,0,0,0.00664971640915314,0,0,0,0,0,0.00625855662037943,0,0.002738118521416,0,0,0,0,0,0.001369059260708,0,0.000195579894386857,0,0.0140817523958537,0,0,0.000195579894386857,0,0,0,0,0.000391159788773714,0,0,0.000391159788773714,0,0,0,0,0,0,0,0,0.00664971640915314,0,0,0,0.00176021904948171,0,0,0,0,0.000977899471934285,0,0,0.454723254449443,0,0,0.000195579894386857,0.000586739683160571,0,0,0,0,0,0.00371601799335028,0.000977899471934285,0,0,0,0,0.203989829845492
0,0,0.00069468565474123,5.78904712284358e-05,0,0,0,0,0,0,0,0,0,0,0,0,0,0,0.015804098645363,0,0,0,0,0,0,0,0,0,0,0,0,0,0,0,0,0,0,0,0,0.000405233298599051,0.000868357068426537,0,0,0,0,0,0,0.00133148083825402,5.78904712284358e-05,5.78904712284358e-05,0,0.00115780942456872,5.78904712284358e-05,0,5.78904712284358e-05,0,0,0,0.000173671413685307,0,0,0,0,0,0.000636795183512794,0,0,0,0,0,0,0,0,0,0,0,0,0,0,0,0,0,0,0,0,0,0,0,0,0,0,0,0,0,5.78904712284358e-05,0,0,0,0.000289452356142179,0,0,0,0,0,0,0,0,0,0.933136505731157,0,0,0.000115780942456872,0.000289452356142179,0,0,0,0,0,0,0.00138937130948246,0,0,0,0,0.0433599629500984
0,0,8.33680700291788e-05,0,0,0,0,0,0,0,0,0,0,0,0,0.000333472280116715,0,0,8.33680700291788e-05,0,0,0,0,0,0,0,0,0,0,0,0.000166736140058358,0,0,0,0,8.33680700291788e-05,0,0.000583576490204252,0,0.0625260525218841,0,0,0,8.33680700291788e-05,0,0,0,0.000250104210087536,8.33680700291788e-05,0,0,0.348395164651938,0,0,8.33680700291788e-05,0,0,0,0,0,0,0,0,0,0,0,0,0,0,0,0,0,0,0,0.000416840350145894,0,0,0,0,8.33680700291788e-05,0,0,0,0,0,0,0,0,0,0,0,0,0,0,0,0,0,0,0,0,0,0,0,0,0,0,0,0,0.000250104210087536,8.33680700291788e-05,0,0,0,0,0,0,0,0,0,0.000166736140058358,0,0,0,0,0.586244268445186
0,0.000186758801008498,0.000186758801008498,0,0,0,0,0,9.33794005042488e-05,0.00186758801008498,0,0,9.33794005042488e-05,0,0,0,0.000280138201512746,0,0.000280138201512746,0,0,0,0.000280138201512746,0,0.000280138201512746,0,0,0,0.00373517602016995,0.000560276403025493,0,0,9.33794005042488e-05,0,0,0.000186758801008498,0,0.0114856662620226,0,0.0211971239144645,0,0,0,0,0,0,0,0.00074703520403399,0.000933794005042488,0,0,0.0438883182369969,0,0,0,0,0,0.000466897002521244,0.00541600522924643,0,0.000840414604538239,9.33794005042488e-05,0,0,0.000933794005042488,0,0,0,9.33794005042488e-05,9.33794005042488e-05,0,0,0,0,0.00168082920907648,0,0.000373517602016995,0,0,0.000560276403025493,9.33794005042488e-05,0.00130731160705948,0,0,0.00616304043328042,0.00140069100756373,0.00270800261462321,0.00149407040806798,0.000280138201512746,0,0,0.00392193482117845,0,0,0,0,0.000186758801008498,0.000186758801008498,0,0,0.000466897002521244,0,0,0,0,0,0,0,0.367821458586236,0,0,0.000373517602016995,0.00130731160705948,0,0,0.000466897002521244,0,0,0,0.054440190493977,0,0,0,0,0.460453823886451
0,6.76086809546346e-05,0.000135217361909269,0,0,0,0,0,0,0.000540869447637077,0,0.000338043404773173,0,0,0,0,0,0,0.185450611858563,0,0.00141978230004733,0,0.00574673788114394,0,0,0,0,0,0,0,0.000338043404773173,0,0,6.76086809546346e-05,0.000676086809546346,0,0,0.0487458589682915,0.00594956392400784,0.0196741261577987,0,0,0,6.76086809546346e-05,0,0,0,0.00128456493813806,0.00121695625718342,0.00121695625718342,6.76086809546346e-05,6.76086809546346e-05,0.000270434723818538,0,0.000338043404773173,0,0,0.000270434723818538,0.00108173889527415,0,0,0.000135217361909269,0,0,0,0,0.00689608545737273,0.000202826042863904,0,0.000202826042863904,0,0,0,0,0.000811304171455615,0,0.000608478128591711,0,0,0,0,0,0,6.76086809546346e-05,0,0,0,0,0,0.000405652085727807,0,0,0,0,0.113514975322831,0,6.76086809546346e-05,0.00074369549050098,6.76086809546346e-05,0,0,0,0,0,0,0,0,0,0.143938881752417,0,0,0.000202826042863904,0,0,0,0,0,0,0,0.00189304306672977,0,0,0,0,0.455209248867555
0,0.000299580587177951,0.00179748352306771,0,0,0,0,0.000149790293588975,0,0,0,0,0.000599161174355902,0,0,0,0.0011983223487118,0,0.166417016177352,0,0.0435889754343919,0,0,0,0,0,0,0,0,0.000149790293588975,0.0011983223487118,0,0.000149790293588975,0,0.000149790293588975,0.000149790293588975,0,0.00659077291791492,0.000149790293588975,0,0,0.000599161174355902,0,0,0,0,0,0.133463151587777,0.0528759736369083,0.0205212702216896,0.0103355302576393,0,0.0602156980227681,0,0.00224685440383463,0,0,0.00988615937687238,0.0744457759137208,0.000299580587177951,0.000149790293588975,0.00149790293588975,0,0,0.00629119233073697,0,0.0266626722588376,0,0,0,0,0.000449370880766926,0,0,0.000748951467944877,0,0.000299580587177951,0,0,0.000898741761533853,0,0,0,0.000149790293588975,0.000449370880766926,0.00104853205512283,0,0,0,0,0,0.000299580587177951,0,0,0,0,0.000299580587177951,0,0,0,0,0,0,0,0,0,0,0,0.0085380467345716,0,0,0.000149790293588975,0.000449370880766926,0,0,0,0,0,0,0.0253145596165368,0,0,0,0,0.338825644098262
0,0.000470994583562289,0,0,0,0,0,0,0,0.0276316822356543,0,0,0.000313996389041526,0,0,0,0,0,0.0529868906507575,0,0.000627992778083052,0,0,0,0,0,0,0,0,0.010911374519193,0,0,0,0,0.000235497291781145,0.00573043410000785,0,0.0761441243425701,0,0.0042389512520606,0,0,0,0,0,0,0,7.84990972603815e-05,0.00784990972603815,7.84990972603815e-05,0,7.84990972603815e-05,7.84990972603815e-05,0,0,0,0,0,0.000156998194520763,0,0,0,0,0,0,0,0,0,0,0,0,0,0,0,0.00431745034932098,0,0.111625716304263,0.0277886804301751,0,0.000313996389041526,0,0,0,0,0.000156998194520763,0.00141298375068687,0,0,0,0,0,0,0,0,0,0,0,0,0,0,0,0,0,0,0,0,0,0,0.387393044979983,0.000392495486301908,0,0,0,0,0,0,0,0,0,0.0310071434178507,0,0,0,0,0.247978648245545
0,0.00266639319044201,0,0,0,0,0,0,0,0,0.000205107168495539,0,0,0,0,0.000410214336991078,0,0,0.310634806686494,0,0.0203056096810584,0,0,0.000205107168495539,0,0,0,0,0,0.00164085734796431,0,0,0,0,0.00358937544867193,0,0,0.0134345195364578,0,0.000102553584247769,0,0,0,0,0,0,0,0.000410214336991078,0.000410214336991078,0.00266639319044201,0.000512767921238847,0,0.00123064301097323,0,0.00748641165008717,0,0,0.000307660752743308,0.103579120090247,0,0,0,0,0.000922982258229925,0,0,0.0087170546610604,0.000102553584247769,0,0,0,0,0,0,0.00215362526920316,0,0.00164085734796431,0,0,0,0,0,0,0,0,0,0,0,0,0,0,0,0,0,0.0790688134550303,0.000615321505486617,0,0,0,0,0,0,0,0,0,0,0,0,0.230745564557481,0,0.000615321505486617,0,0,0,0,0,0,0,0,0.001333196595221,0,0,0,0,0.204286739821557
0,0.000222074172773706,0.000222074172773706,0,0,0,0,0,0,0,0,0,0.000222074172773706,0,0,0.000666222518321119,0,0,0,0,0,0,0.000222074172773706,0.000111037086386853,0,0,0,0,0,0,0.00210970464135021,0,0,0.000444148345547413,0.000666222518321119,0,0,0.00310903841883189,0,0.0033311125916056,0.000222074172773706,0,0,0,0,0,0.000444148345547413,0.0104374861203642,0.0397512769264934,0,0,0.194092827004219,0,0,0.0033311125916056,0,0,0,0.000777259604707972,0,0,0.0266489007328448,0.000222074172773706,0.000888296691094826,0.000999333777481679,0,0,0,0,0,0,0.000111037086386853,0,0,0.000777259604707972,0,0.000222074172773706,0,0,0,0,0,0,0,0.000666222518321119,0,0,0,0,0.00155451920941594,0,0,0,0,0.000999333777481679,0,0,0,0.000222074172773706,0,0,0,0,0,0,0,0,0,0.381301354652454,0,0,0,0,0,0,0,0,0,0,0.0224294914501443,0,0,0.000111037086386853,0,0.302465023317788
0,0,0,0,0,0,0,0,0,0,0,0,0.00628695456926877,0,0.000149689394506399,0,0.00224534091759599,0,0.119152758027094,0,0.0108524811017139,0,0.259262031285083,0,0,0,0,0,0,0,0,0,0,0,0,0,0,0,7.48446972531996e-05,0,0,0,0,0,0,0,0,0.123942818651299,0.0458049547189582,0.0103285682209415,0,7.48446972531996e-05,0.0138462689918419,0,7.48446972531996e-05,0,0,0,0.00553850759673677,0,0,0,0,0,0.00172142803682359,0,0.0642167502432453,0,0,0.00217049622034279,0,0.0126487538357907,0,0,0,0,0,0,0,0,0,0,0,0.000299378789012798,0,0,0.000748446972531996,0,0,0,0,0,0,0,0.0334555796721802,0,0,0,0,0,0,0,0,0,0,0,0,0,0.153281939974553,0,0,0,0,0,0,0,0,0,0,0.00344285607364718,0,0,0,0,0.130379462615074
0,0,0,0,0,0,0,0,0,0,0,0,0.00152218585889337,0,0,0,0,0,0.109140726082655,0,0,0,0,0,0,0,0,0,0,0.000228327878834006,0,0,0,0,0,0,0,0.000608874343557348,0,0.00418601111195677,0,0,0,0,0,0,0,0.0705533145597077,0.011720831113479,0.00441433899079078,0.000989420808280691,0,0.0231372250551792,0,0.013775782022985,0,0,0.0175051373772738,0.000608874343557348,0,0,0,0,0.000761092929446685,0.00129385798005937,7.61092929446685e-05,0.00403379252606743,0,0,0.0096658802039729,0,0,7.61092929446685e-05,0.00304437171778674,0,0,0.00426212040490144,0,0,0,0,0,0.000456655757668011,0,0,0.000304437171778674,0.0041099018190121,0,0,0,0,0.000380546464723343,0,0,0.000913311515336023,0,0.000304437171778674,0,0,0,0,0,0,0,0,0,0,0,0.121242103660857,0,0,0.000228327878834006,0,0,0,0,0,0,0,0.00646928990029683,0,0.000304437171778674,0,0,0.583682167592663
0,0.000680867619881334,0.00165353564828324,0,0,0,0,0,0,0.000291800408520572,0.000194533605680381,0,0.000291800408520572,0,0,0.000291800408520572,0,0,0,0,0,0,0.000194533605680381,9.72668028401906e-05,0,0,0,0,0,0,9.72668028401906e-05,0,0,0,0.00145900204260286,0,0,0.00651687579029277,0,0.000875401225561716,0.000194533605680381,9.72668028401906e-05,0,0,0,0,0,0,9.72668028401906e-05,0,0,0,9.72668028401906e-05,0,0,0.000194533605680381,0,9.72668028401906e-05,0,0,0,0.0138118860033071,0,0,0,0,0,0,0,0,0,0,0,0,0,0,0,0,0,0.000389067211360763,0,0,0,0,0,0,0,0,0,9.72668028401906e-05,0.000291800408520572,0,0,0,0,0,0,0,9.72668028401906e-05,0,0,0,0.000194533605680381,0,0,0,9.72668028401906e-05,0,0.897383523003599,0,0,0.000486334014200953,0,0,0,0,0,0,0,0,0,0,0,0,0.0737282365528645
0.00338600451467269,0,0,0,0,0,0,0,0,0,0,0,0,0,0,0,0,0,0.0519187358916479,0,0,0,0,0,0,0,0,0,0,0,0,0,0,0,0,0.00169300225733634,0,0,0.00169300225733634,0.0395033860045147,0,0,0,0,0,0,0,0,0.00169300225733634,0.000564334085778781,0.00620767494356659,0.0727990970654628,0,0,0,0,0,0,0.0146726862302483,0,0,0.00282167042889391,0,0,0,0,0,0,0,0,0,0,0,0,0,0.0152370203160271,0,0,0,0.00225733634311512,0,0,0,0.000564334085778781,0,0.00112866817155756,0.000564334085778781,0,0,0.00112866817155756,0,0.0118510158013544,0.00846501128668172,0,0,0,0.000564334085778781,0,0,0,0.00112866817155756,0,0,0,0,0,0,0.00112866817155756,0.221218961625282,0,0,0,0.00677200902934537,0,0,0,0,0,0,0.00507900677200903,0.000564334085778781,0,0,0,0.525395033860045
0,0,0,0,0,0,0,0.00402748163942194,0.00142146410803127,0,0,0,0,0,0,0,0,0,0.00497512437810945,0,0,0,0,0,0,0,0,0,0,0,0,0,0,0,0,0,0,0,0.0113717128642502,0.00568585643212509,0,0,0,0,0,0,0.000236910684671879,0,0.000236910684671879,0,0,0,0,0,0,0,0,0,0.000473821369343757,0,0,0,0,0.000236910684671879,0,0,0,0,0,0,0,0,0,0,0,0,0,0,0,0.000947642738687515,0,0,0,0,0.00284292821606254,0,0,0,0,0.0307983890073442,0,0,0,0,0,0,0.00379057095475006,0.00615967780146885,0,0,0,0,0,0,0,0,0,0,0,0,0,0.0201374081971097,0.00118455342335939,0,0,0.0168206586117034,0,0,0,0,0,0,0,0,0.888651978204217
0,0.000129107223549158,0,0,0,0,0,0,0,0,0,0,0,0,0,0,0.00193660835323736,0,0.137434639468078,0,0,0,0,0,0,0,0,0,0,0.000774643341294945,0.000839196953069524,0,0,0,6.45536117745788e-05,0,0,0.00555161061261378,0,0.0131043831902395,0,0,0,0,0,0,0,0.0033567878122781,0.0207217093796398,0.00148473307081531,0.00936027370731392,6.45536117745788e-05,0,0,0.00316312697695436,0,0,6.45536117745788e-05,0.0292427861338842,0,0,0.000645536117745788,0,0,0,0,0.012717061519592,0,0,0,0,0,0,0,0.000451875282422052,0.238009166612872,0,0,0,0,0,0,0,0,0,0,0,0,0,0,0,0,0,0,6.45536117745788e-05,0,0,0,0,0,0,0,0,0,0,0,0,0,0.00845652314246982,0,0,0,0,0,0,0,0,0.000129107223549158,0,0.0296946614163062,0,0,0,0,0.482538248014976
0,0.000624888412783432,0,0,0,0,0,0,0,0,0.00044634886627388,0,0,0,0,0.000892697732547759,0,0,0.0070523120871273,0,0.00044634886627388,0,0,0,0,0.000357079093019104,0,0,0,0,0.00160685591858597,0,0,0,0,0,0,0.000981967505802535,0.148366363149438,0.245848955543653,0.00133904659882164,0,0,0,0,0,0,0.000714158186038207,0.00107123727905731,0,0,0,0,0,0,0,0,0,8.92697732547759e-05,0,0,0.0108016425638279,0,0,0,0,0,0,0,0,0,0,0,0,0,0,0,0,0,0,0,0,0,0,0,8.92697732547759e-05,0,0,0,0.000178539546509552,0,0.000357079093019104,0,0,0.0374040349937511,0,0,8.92697732547759e-05,0.000178539546509552,0,0,0,0,0,0,0,0,0,0.000178539546509552,8.92697732547759e-05,0,0.00169612569184074,0,0,0,0,0,0.000981967505802535,0,0.0496339939296554,0,0,0,0,0.488484199250134
0,0,0,0,0,0,0,0,0,0,0,0,0.000451263537906137,0,0.000150421179302046,0,0,0.000150421179302046,0.203369434416366,0,0.0293321299638989,0,0.0016546329723225,0.00240673886883273,0,0.000150421179302046,0,0,0,0.000150421179302046,0.000300842358604091,0,0,0.000150421179302046,0,0,0,0.000902527075812274,0,0.000300842358604091,0.00571600481347774,0.00601684717208183,0.00451263537906137,0,0,0,0,0.00767148014440433,0.0616726835138387,0.000451263537906137,0.013086642599278,0,0.000150421179302046,0,0,0,0,0.000150421179302046,0.136432009626955,0,0.00496389891696751,0.0562575210589651,0,0.000150421179302046,0.00646811070998797,0,0.00195547533092659,0,0,0,0.000150421179302046,0.000451263537906137,0,0.00285800240673887,0,0,0,0,0,0.000601684717208183,0,0,0,0,0,0.000300842358604091,0,0.000752105896510229,0,0,0,0,0,0,0.00345968712394705,0,0.000150421179302046,0.000451263537906137,0.000902527075812274,0,0,0,0,0,0,0,0.000601684717208183,0,0.000451263537906137,0,0,0.00195547533092659,0.000451263537906137,0,0,0,0,0,0,0.0607701564380265,0,0.000451263537906137,0.000150421179302046,0,0.379963898916968
0,0.000778841473308454,0,0,0,0,0,0,0,0.000486775920817784,0,0,0.00191465195521662,0,0,0.00087619665747201,0,0,0.297322732435502,0,0,0,3.24517280545189e-05,0,0,0,0,0,0,0,0.000421872464708746,0,0,0,0,0,0,0.00746389745253935,3.24517280545189e-05,0.000746389745253935,0,0.000551679376926821,0,0,0,0,0,0.227811130942723,0.00619828005841311,0.0466006814862891,0.00645789388284926,0,0.00029206555249067,0,0.0166801882200227,0,0.000324517280545189,0.0647736491968197,0.0345286386500081,0,0,0.000649034561090378,0,0.000941100113581048,0.00142787603439883,0,6.49034561090378e-05,0.000129806912218076,0.00460814538374168,0,0,0.00765860782086646,0,0,0.000389420736654227,0,0,0,0,0,0,0,0,0.000194710368327113,3.24517280545189e-05,0,0,0,0,0,0,0,0,0,0.0321596625020282,0,0,0,0,0,0,0,0,0,0,0,0,0,0.000129806912218076,9.73551841635567e-05,0,0,0.000713938017199416,0,0,0,0,0,0,0.0108388771702093,0.00029206555249067,0.000681486289144897,0,0,0.224695765049489
0,0.000450399729760162,0,0,0,0,0,0,0,0,0,0,5.62999662200203e-05,0,0,0,0,0,0.244285553428668,0,0,0.000281499831100101,0,0,0,0,0,0,0,0,0.000112599932440041,0,0,0,0.00123859925684045,0,0,0.00129489922306047,0.00343429793942124,0.0157076905753857,0,0,0.000225199864880081,0,0,0,0,0.0459970724017566,0.0101339939196036,0.0154824907105056,0,0.1110798333521,0.000619299628420223,0,0.000112599932440041,5.62999662200203e-05,0,0.013906091656345,0.0369890778065533,0,0,0.0414930751041549,0,0.00163269902038059,0.00101339939196036,5.62999662200203e-05,0,0,0,0,0,5.62999662200203e-05,0,0,0,0,0,0,0,0,0,0,0,0,0,0,0,0,0,0,0,0,0,0,0,0,0,0,0,0,0,0,0,0,0,5.62999662200203e-05,0,0,0.206846075892354,0,0,0,0,0,0,0,0,0,0,0.00754419547348272,0,0,0,0,0.239837856097286
0,0.000166177366642663,0,0,0,0,0,0,0,0,5.53924555475544e-05,0,0.000443139644380435,0,0,0,0.00144020384423642,0,0.244280728964715,0,0.00099706419985598,0,0.00271423032183017,0,0,0,0,0,0,0,0.0012186340220462,0,0,0,0,0,0,0.00243726804409239,0,0.000110784911095109,0,0,0,0,0,0,0,0.0126294798648424,0.0887387137871822,0.0087520079765136,0.0069240569434443,5.53924555475544e-05,0.000110784911095109,0,0,0,0,0,0.0353403866393397,0,0.000609317011023099,0,0,0,0.00110784911095109,0,0.000886279288760871,0,0,0,0,0.00243726804409239,0,0,0,0,0.161856755109954,0.0353403866393397,0,0,0,0,0,0,0,0,0,0,0,0,0,0,0,0,0.0512380213814878,0,0,0,0,0,0,0,0,0,0,0,0,0,0,0,0,0,0,0,0,0,0,5.53924555475544e-05,0,0.0229324765966875,0,0,0,0,0.317121808009749
0,0,0,0,0,0,0,0,0,0,0.000192715359414145,0,0,0,0,0,0,0,0.000192715359414145,0,0,0,0,0,0,0,0,0,0,0,0,0,0,0,0,0,0,0,0,0,0,0,0,0,0,0,0,0,0.00481788398535363,0,0,0,0,0,0,0,0,0,0.000192715359414145,0,0,0,0,0,0.00173443823472731,0,0,0,0,0,0,0,0,0,0,0,0,0,0,0,0,0,0,0,0,0.000963576797070727,0,0,0,0,0,0,0,0,0,0.0021198689535556,0,0,0,0,0,0,0,0,0,0,0,0,0.614376565812295,0,0,0,0,0,0,0,0,0,0,0.0408556561957988,0,0,0,0,0.334553863942956
0,0.0016803898504453,0,0,0,0,0,0,0,0,0,0,0.00310872122332381,0,0,0,0,0,0.462863384305159,0,0.000420097462611326,0,0,0,0,0,0,0,0,0,0.000672155940178121,0.000924214417744917,0,0,0.000672155940178121,0,0,0.0201646782053436,0,8.40194925222652e-05,0,0,8.40194925222652e-05,0,0,0,0,0.00310872122332381,0.112502100487313,0.019324483280121,0,8.40194925222652e-05,0,0,0,0,0,0,0.112082003024702,0,0,0.0036128381784574,0,0,0,0,0.032011426650983,0,0,0,0,0,0,0,0,0,0,0,0,0,0,0,0,0.00016803898504453,0,0,0,0,0,0,0,0,0,0,0.0430179801713998,0.000252058477566796,0,0,0,0,0,0,0,0,0,0,0,0,8.40194925222652e-05,0,0,0,0,0,0,0,0,0.000252058477566796,0,0.0573012939001848,0,0,0,0,0.125525121828264
